{"cameraMode":{"drawMode":0,"name":"Shaded","section":"Shading Mode"},"sceneLighting":true,"audioPlay":false,"sceneViewState":{"showFog":true,"showMaterialUpdate":false,"showSkybox":true,"showFlares":true,"showImageEffects":true,"showParticleSystems":true},"in2DMode":false,"pivot":{"x":-32.91377258300781,"y":-0.6284346580505371,"z":-0.9327883720397949},"rotation":{"x":-0.315357506275177,"y":0.4742823839187622,"z":-0.18685996532440186,"w":-0.8004307150840759},"size":7.0740485191345219,"orthographic":false}